,Date,Buy Stock,Sell Stock,Buy Price,Sell Price,Buy Quantity,Sell Quantity,Profit
0,2011-06-19,MSIL IB Equity,JSTL IB Equity,1227.6,88.79,0.07232811990876509,1.0,0
1,2011-06-19,JSTL IB Equity,MSIL IB Equity,88.79,1227.6,1.0,0.07232811990876509,0.0
2,2011-06-26,BHARTI IB Equity,IIB IB Equity,350.86,251.05,0.7155275608504816,1.0,0
3,2011-07-03,HDFCB IB Equity,TTAN IB Equity,241.63,212.05,0.8775814261474155,1.0,0
4,2011-07-10,BAF IB Equity,BHARTI IB Equity,61.33,346.22,5.645198108592859,1.0,0
5,2011-07-17,IIB IB Equity,BHARTI IB Equity,281.05,352.66,1.0,0.7155275608504816,-28.712050390469123
6,2011-07-17,TTAN IB Equity,HDFCB IB Equity,228.5,252.34,1.0,0.8775814261474155,-7.051102925961162
7,2011-07-17,BHARTI IB Equity,BAF IB Equity,352.66,62.18,1.0,5.645198108592859,-1.64158160769606
8,2011-07-24,HCLT IB Equity,TCS IB Equity,126.0,562.7,4.465873015873016,1.0,0
9,2011-07-24,UTCEM IB Equity,APNT IB Equity,991.65,317.11,0.3197801643725105,1.0,0
10,2011-07-24,MSIL IB Equity,INFO IB Equity,1172.15,339.26,0.2894339461672994,1.0,0
11,2011-07-31,INFO IB Equity,MSIL IB Equity,350.83,1181.7,1.0,0.2894339461672994,-8.805905814102298
12,2011-08-14,TCS IB Equity,HCLT IB Equity,504.63,104.75,1.0,4.465873015873016,-36.829801587301546
13,2011-08-14,APNT IB Equity,UTCEM IB Equity,307.44,965.4,1.0,0.3197801643725105,1.275770685221616
14,2011-08-21,MM IB Equity,BHARTI IB Equity,370.15,350.86,0.9478859921653384,1.0,0
15,2011-09-11,BHARTI IB Equity,MM IB Equity,365.82,384.5,1.0,0.9478859921653384,-1.3578360124273523
16,2011-09-18,HUVR IB Equity,NEST IB Equity,345.9,4290.5,12.403873952009253,1.0,0
17,2011-10-02,HCLT IB Equity,TTAN IB Equity,96.38,207.4,2.1518987341772156,1.0,0
18,2011-10-09,NEST IB Equity,HUVR IB Equity,4173.0,334.45,1.0,12.403873952009253,-24.524356750505802
19,2011-10-09,TTAN IB Equity,HCLT IB Equity,204.3,100.4,1.0,2.1518987341772156,11.750632911392422
20,2011-10-16,NTPC IB Equity,IIB IB Equity,142.08,250.95,1.7662584459459456,1.0,0
21,2011-10-16,TATA IB Equity,SBIN IB Equity,40.64,175.46,4.3174212598425195,1.0,0
22,2011-11-06,IIB IB Equity,NTPC IB Equity,287.3,149.46,1.0,1.7662584459459456,-23.315012668918953
23,2011-11-06,SBIN IB Equity,TATA IB Equity,190.67,45.31,1.0,4.3174212598425195,4.952357283464593
24,2011-12-25,HCLT IB Equity,SUNP IB Equity,102.93,253.5,2.4628388225007285,1.0,0
25,2012-01-01,SUNP IB Equity,HCLT IB Equity,250.4,97.0,1.0,2.4628388225007285,-11.504634217429343
26,2012-01-15,TTAN IB Equity,TCS IB Equity,175.6,585.83,3.3361617312072895,1.0,0
27,2012-01-22,SBIN IB Equity,INFO IB Equity,181.67,329.26,1.8124071117961138,1.0,0
28,2012-01-29,TCS IB Equity,TTAN IB Equity,539.22,191.45,1.0,3.3361617312072895,99.48816343963554
29,2012-01-29,INFO IB Equity,SBIN IB Equity,324.99,194.07,1.0,1.8124071117961138,26.743848186271805
30,2012-02-05,NEST IB Equity,ITC IB Equity,4242.75,133.97,0.03157621825466973,1.0,0
31,2012-02-26,ITC IB Equity,NEST IB Equity,136.87,4355.85,1.0,0.03157621825466973,0.6712702846031524
32,2012-03-11,BHARTI IB Equity,BAF IB Equity,314.27,74.04,0.2355935978617113,1.0,0
33,2012-03-18,BAF IB Equity,RELIANCE IB Equity,77.79,359.61,4.622830698033166,1.0,0
34,2012-03-18,LT IB Equity,JSTL IB Equity,599.18,76.44,0.1275743516138723,1.0,0
35,2012-03-25,RELIANCE IB Equity,BAF IB Equity,340.64,76.59,1.0,4.622830698033166,13.422603162360215
36,2012-03-25,BAF IB Equity,BHARTI IB Equity,76.59,293.0,1.0,0.2355935978617113,-7.561075826518592
37,2012-03-25,JSTL IB Equity,LT IB Equity,72.7,576.27,1.0,0.1275743516138723,0.817271604526185
38,2012-04-01,SUNP IB Equity,HCLT IB Equity,288.0,119.2,0.4138888888888889,1.0,0
39,2012-04-08,APNT IB Equity,UTCEM IB Equity,326.56,1491.45,4.567154581087702,1.0,0
40,2012-04-15,HCLT IB Equity,SUNP IB Equity,124.86,279.75,1.0,0.4138888888888889,-9.07458333333333
41,2012-04-22,KMB IB Equity,BHARTI IB Equity,292.1,285.56,0.9776104073947277,1.0,0
42,2012-04-22,UTCEM IB Equity,APNT IB Equity,1443.35,334.84,1.0,4.567154581087702,85.91603993140617
43,2012-04-22,BHARTI IB Equity,KMB IB Equity,285.56,292.1,1.0,0.9776104073947277,0.0
44,2012-07-01,SUNP IB Equity,TCS IB Equity,304.68,607.83,1.9949783379283184,1.0,0
45,2012-07-08,TCS IB Equity,SUNP IB Equity,630.1,317.43,1.0,1.9949783379283184,3.1659738085860774
46,2012-09-16,RELIANCE IB Equity,KMB IB Equity,357.0,285.58,0.7999439775910364,1.0,0
47,2012-09-23,BHARTI IB Equity,NTPC IB Equity,238.56,140.83,0.5903336686787392,1.0,0
48,2012-09-23,APNT IB Equity,NEST IB Equity,388.17,4473.85,11.525491408403536,1.0,0
49,2012-09-30,HDFCB IB Equity,HCLT IB Equity,317.23,139.35,0.4392711912492513,1.0,0
50,2012-09-30,UTCEM IB Equity,HUVR IB Equity,1827.5,518.1,0.28350205198358414,1.0,0
51,2012-10-07,HCLT IB Equity,HDFCB IB Equity,145.48,311.6,1.0,0.4392711912492513,-8.603096806733278
52,2012-10-07,KMB IB Equity,RELIANCE IB Equity,322.58,376.58,1.0,0.7999439775910364,-21.33709691876752
53,2012-10-07,NTPC IB Equity,BHARTI IB Equity,141.58,239.06,1.0,0.5903336686787392,-0.4548331656606304
54,2012-10-07,NEST IB Equity,APNT IB Equity,4430.35,393.96,1.0,11.525491408403536,110.23259525465605
55,2012-10-07,HUVR IB Equity,UTCEM IB Equity,542.65,2019.65,1.0,0.28350205198358414,29.92491928864576
56,2012-10-14,SUNP IB Equity,HDFCB IB Equity,354.45,310.43,0.8758075892227395,1.0,0
57,2012-10-21,HDFCB IB Equity,SUNP IB Equity,316.35,357.23,1.0,0.8758075892227395,-3.4852549019607744
58,2012-10-28,HCLT IB Equity,SUNP IB Equity,152.78,349.8,2.289566697211677,1.0,0
59,2012-11-04,MM IB Equity,KMB IB Equity,444.03,305.02,0.686935567416616,1.0,0
60,2012-11-04,SUNP IB Equity,HCLT IB Equity,343.7,152.61,1.0,2.289566697211677,5.710773661474066
61,2012-11-04,KMB IB Equity,MM IB Equity,305.02,444.03,1.0,0.686935567416616,0.0
62,2012-11-18,APNT IB Equity,ITC IB Equity,408.79,189.33,0.4631473372636317,1.0,0
63,2012-11-25,ITC IB Equity,APNT IB Equity,187.97,387.49,1.0,0.4631473372636317,-8.505038283715347
64,2012-12-09,KMB IB Equity,BAF IB Equity,332.68,133.09,0.4000541060478538,1.0,0
65,2012-12-16,RELIANCE IB Equity,MM IB Equity,373.38,464.23,1.2433177995607692,1.0,0
66,2012-12-16,TATA IB Equity,INFO IB Equity,37.55,288.7,7.688415446071905,1.0,0
67,2012-12-30,BAF IB Equity,KMB IB Equity,127.3,322.88,1.0,0.4000541060478538,1.8694697607310347
68,2012-12-30,MM IB Equity,RELIANCE IB Equity,468.33,370.01,1.0,1.2433177995607692,-8.289980984519763
69,2012-12-30,INFO IB Equity,TATA IB Equity,289.87,40.19,1.0,7.688415446071905,19.12741677762982
70,2013-01-20,IIB IB Equity,NTPC IB Equity,439.5,128.71,0.2928555176336746,1.0,0
71,2013-01-27,NTPC IB Equity,IIB IB Equity,134.79,413.3,3.066251205579049,1.0,0
72,2013-01-27,NTPC IB Equity,IIB IB Equity,134.79,413.3,1.0,0.2928555176336746,-13.752814562002257
73,2013-01-27,IIB IB Equity,NTPC IB Equity,413.3,134.79,1.0,3.066251205579049,0.0
74,2013-02-10,KMB IB Equity,BHARTI IB Equity,337.03,298.27,0.8849954010028781,1.0,0
75,2013-02-10,AXSB IB Equity,ICICIBC IB Equity,296.22,214.92,0.7255418270204577,1.0,0
76,2013-02-17,SUNP IB Equity,HCLT IB Equity,374.43,164.85,0.4402692091979809,1.0,0
77,2013-02-24,ICICIBC IB Equity,AXSB IB Equity,203.95,286.53,1.0,0.7255418270204577,3.9394996961717244
78,2013-02-24,BHARTI IB Equity,KMB IB Equity,282.86,332.38,1.0,0.8849954010028781,11.294771385336606
79,2013-02-24,HCLT IB Equity,SUNP IB Equity,172.75,393.88,1.0,0.4402692091979809,0.6632361189007181
80,2013-04-07,TTAN IB Equity,SUNP IB Equity,255.45,407.0,1.593266784106479,1.0,0
81,2013-04-14,SUNP IB Equity,HCLT IB Equity,433.58,186.3,0.42967849070529085,1.0,0
82,2013-04-21,HDFCB IB Equity,TTAN IB Equity,321.18,238.8,0.7435083130954605,1.0,0
83,2013-04-21,SUNP IB Equity,TTAN IB Equity,435.15,238.8,1.0,1.593266784106479,-54.677891955372814
84,2013-04-21,HCLT IB Equity,SUNP IB Equity,191.43,435.15,1.0,0.42967849070529085,-4.4554047695926915
85,2013-04-21,TTAN IB Equity,HDFCB IB Equity,238.8,321.18,1.0,0.7435083130954605,0.0
86,2013-06-23,RELIANCE IB Equity,KMB IB Equity,372.31,377.4,1.0136714028632052,1.0,0
87,2013-06-23,HCLT IB Equity,TCS IB Equity,194.19,726.18,3.73953344662444,1.0,0
88,2013-06-30,KMB IB Equity,RELIANCE IB Equity,348.43,357.97,1.0,1.0136714028632052,14.433952082941634
89,2013-07-14,TCS IB Equity,HCLT IB Equity,754.3,204.5,1.0,3.73953344662444,10.43458983469798
90,2013-09-15,SBIN IB Equity,INFO IB Equity,163.32,377.61,2.31208670095518,1.0,0
91,2013-09-22,SUNP IB Equity,HCLT IB Equity,562.45,249.13,0.44293714996888606,1.0,0
92,2013-09-22,AXSB IB Equity,WPRO IB Equity,216.86,169.11,0.7798118601862953,1.0,0
93,2013-10-06,NEST IB Equity,HUVR IB Equity,5198.55,627.4,0.12068749939887083,1.0,0
94,2013-10-06,INFO IB Equity,SBIN IB Equity,376.93,161.53,1.0,2.31208670095518,-3.458635194709747
95,2013-10-06,HCLT IB Equity,SUNP IB Equity,272.08,592.55,1.0,0.44293714996888606,-9.61759178593656
96,2013-10-06,WPRO IB Equity,AXSB IB Equity,177.77,201.46,1.0,0.7798118601862953,-20.66910264686895
97,2013-10-06,HUVR IB Equity,NEST IB Equity,627.4,5198.55,1.0,0.12068749939887083,0.0
98,2013-12-29,RELIANCE IB Equity,KMB IB Equity,404.04,366.33,0.9066676566676566,1.0,0
99,2013-12-29,KMB IB Equity,RELIANCE IB Equity,366.33,404.04,1.0,0.9066676566676566,0.0
100,2014-01-05,INFO IB Equity,TATA IB Equity,437.71,39.86,0.09106486029562953,1.0,0
101,2014-01-12,TATA IB Equity,INFO IB Equity,38.3,439.27,1.0,0.09106486029562953,1.7020611820611846
102,2014-01-19,SUNP IB Equity,TTAN IB Equity,602.45,221.1,0.3670014109054693,1.0,0
103,2014-01-19,INFO IB Equity,JSTL IB Equity,458.21,101.63,0.22179786560747256,1.0,0
104,2014-01-26,TTAN IB Equity,SUNP IB Equity,216.45,589.35,1.0,0.3670014109054693,-0.15771848286165024
105,2014-01-26,JSTL IB Equity,INFO IB Equity,98.72,468.74,1.0,0.22179786560747256,5.2455315248466885
106,2014-03-09,ITC IB Equity,HUVR IB Equity,219.1,543.0,2.4783204016430855,1.0,0
107,2014-03-16,HUVR IB Equity,ITC IB Equity,556.9,223.7,1.0,2.4783204016430855,-2.4997261524417986
108,2014-03-16,MSIL IB Equity,INFO IB Equity,1800.9,459.09,0.25492253873063464,1.0,0
109,2014-03-23,INFO IB Equity,MSIL IB Equity,423.68,1737.1,1.0,0.25492253873063464,19.14594202898543
110,2014-04-27,TCS IB Equity,TTAN IB Equity,1110.25,259.3,0.23355100202657061,1.0,0
111,2014-05-18,NTPC IB Equity,BHARTI IB Equity,101.08,286.37,2.8331024930747923,1.0,0
112,2014-05-18,HDFCB IB Equity,TCS IB Equity,395.98,1079.85,2.727031668266074,1.0,0
113,2014-05-18,TTAN IB Equity,TCS IB Equity,284.65,1079.85,1.0,0.23355100202657061,-32.449950461607735
114,2014-05-18,BHARTI IB Equity,NTPC IB Equity,286.37,101.08,1.0,2.8331024930747923,0.0
115,2014-05-18,TCS IB Equity,HDFCB IB Equity,1079.85,395.98,1.0,2.727031668266074,0.0
116,2014-05-25,BHARTI IB Equity,BAF IB Equity,304.9,179.89,0.589996720236143,1.0,0
117,2014-05-25,UTCEM IB Equity,ITC IB Equity,2334.0,225.37,0.09655955441302486,1.0,0
118,2014-06-01,BAF IB Equity,BHARTI IB Equity,202.13,304.81,1.0,0.589996720236143,-22.29309970482125
119,2014-06-15,ITC IB Equity,UTCEM IB Equity,225.77,2797.9,1.0,0.09655955441302486,44.39397729220224
120,2014-06-22,INFO IB Equity,SBIN IB Equity,405.27,257.93,0.6364399042613567,1.0,0
121,2014-07-13,MSIL IB Equity,TATA IB Equity,2640.25,50.29,0.019047438689518036,1.0,0
122,2014-07-13,SBIN IB Equity,INFO IB Equity,268.24,417.97,1.0,0.6364399042613567,-2.2272132158807434
123,2014-07-13,TATA IB Equity,MSIL IB Equity,50.29,2640.25,1.0,0.019047438689518036,0.0
124,2014-09-28,ITC IB Equity,HUVR IB Equity,247.1,742.1,3.0032375556454878,1.0,0
125,2014-10-05,HUVR IB Equity,ITC IB Equity,746.65,244.27,1.0,3.0032375556454878,-13.049162282476637
126,2014-10-12,NTPC IB Equity,BHARTI IB Equity,115.79,363.34,3.1379221003540887,1.0,0
127,2014-11-02,BHARTI IB Equity,NTPC IB Equity,372.4,121.58,1.0,3.1379221003540887,9.108568961050146
128,2014-11-23,APNT IB Equity,HUVR IB Equity,691.75,755.85,1.092663534513914,1.0,0
129,2014-11-30,TCS IB Equity,SUNP IB Equity,1326.1,837.0,0.6311741195988236,1.0,0
130,2014-11-30,HUVR IB Equity,APNT IB Equity,750.0,689.75,1.0,1.092663534513914,3.664672930972195
131,2014-11-30,SUNP IB Equity,TCS IB Equity,837.0,1326.1,1.0,0.6311741195988236,0.0
132,2014-12-28,MM IB Equity,IIB IB Equity,630.95,777.25,1.2318725731040494,1.0,0
133,2014-12-28,IIB IB Equity,MM IB Equity,777.25,630.95,1.0,1.2318725731040494,0.0
134,2015-01-11,NTPC IB Equity,MM IB Equity,120.42,609.7,5.063112439794055,1.0,0
135,2015-01-18,KMB IB Equity,BAF IB Equity,686.5,345.14,0.5027530954115076,1.0,0
136,2015-01-18,TTMT IB Equity,AXSB IB Equity,516.86,501.55,0.9703788259876949,1.0,0
137,2015-01-25,MM IB Equity,IIB IB Equity,666.13,830.2,1.2463032741356792,1.0,0
138,2015-01-25,MM IB Equity,NTPC IB Equity,666.13,118.25,1.0,5.063112439794055,-67.41695399435307
139,2015-01-25,BAF IB Equity,KMB IB Equity,389.26,694.5,1.0,0.5027530954115076,-40.097975236707946
140,2015-01-25,AXSB IB Equity,TTMT IB Equity,528.65,533.03,1.0,0.9703788259876949,-11.408974383778979
141,2015-01-25,IIB IB Equity,MM IB Equity,830.2,666.13,1.0,1.2463032741356792,0.0
142,2015-02-22,ITC IB Equity,HUVR IB Equity,259.7,907.2,3.493261455525607,1.0,0
143,2015-02-22,HUVR IB Equity,ITC IB Equity,907.2,259.7,1.0,3.493261455525607,0.0
144,2015-03-08,UTCEM IB Equity,ITC IB Equity,3374.9,228.87,0.06781534267682006,1.0,0
145,2015-03-15,RELIANCE IB Equity,BAF IB Equity,391.97,421.06,1.0742148633824016,1.0,0
146,2015-03-15,SUNP IB Equity,HDFCB IB Equity,1041.65,529.58,0.5084049344789516,1.0,0
147,2015-03-15,NEST IB Equity,UTCEM IB Equity,7370.15,3064.75,0.4158327849501028,1.0,0
148,2015-03-22,BHARTI IB Equity,IIB IB Equity,350.72,877.5,2.5019958941605838,1.0,0
149,2015-03-22,ITC IB Equity,UTCEM IB Equity,223.67,2912.25,1.0,0.06781534267682006,-26.17476828943079
150,2015-03-22,BAF IB Equity,RELIANCE IB Equity,400.54,379.96,1.0,1.0742148633824016,7.6186794907772875
151,2015-03-22,HDFCB IB Equity,SUNP IB Equity,525.72,1028.2,1.0,0.5084049344789516,-2.978046368741909
152,2015-03-22,UTCEM IB Equity,NEST IB Equity,2912.25,7286.45,1.0,0.4158327849501028,117.69479589967648
153,2015-03-22,IIB IB Equity,BHARTI IB Equity,877.5,350.72,1.0,2.5019958941605838,0.0
154,2015-06-07,IIB IB Equity,BAF IB Equity,882.75,437.39,0.4954856981025205,1.0,0
155,2015-06-14,BAF IB Equity,IIB IB Equity,446.38,811.4,1.0,0.4954856981025205,-44.34290455961486
156,2015-06-21,BAF IB Equity,MM IB Equity,471.53,610.33,1.2943609102284055,1.0,0
157,2015-06-28,MM IB Equity,BAF IB Equity,654.33,535.95,1.0,1.2943609102284055,39.38272983691398
158,2015-07-05,NTPC IB Equity,BHARTI IB Equity,115.63,372.67,3.222952520972066,1.0,0
159,2015-07-12,BHARTI IB Equity,NTPC IB Equity,390.61,114.96,1.0,3.222952520972066,-20.099378189051286
160,2015-07-26,NTPC IB Equity,BAF IB Equity,112.96,517.1,4.577726628895185,1.0,0
161,2015-08-09,BAF IB Equity,RELIANCE IB Equity,567.77,451.75,0.7956566919703402,1.0,0
162,2015-08-09,BAF IB Equity,NTPC IB Equity,567.77,112.58,1.0,4.577726628895185,-52.40953611898011
163,2015-08-09,RELIANCE IB Equity,BAF IB Equity,451.75,567.77,1.0,0.7956566919703402,0.0
164,2015-10-11,SBIN IB Equity,MSIL IB Equity,239.85,4415.45,18.40921409214092,1.0,0
165,2015-11-01,MSIL IB Equity,SBIN IB Equity,4387.75,251.15,1.0,18.40921409214092,235.72411924119243
166,2015-11-15,HCLT IB Equity,HDFCB IB Equity,441.35,532.88,1.2073864280049846,1.0,0
167,2015-11-22,HDFCB IB Equity,HCLT IB Equity,529.03,419.28,1.0,1.2073864280049846,-22.79701846607005
168,2015-12-06,LT IB Equity,MSIL IB Equity,916.03,4576.7,4.99623374780302,1.0,0
169,2015-12-13,IIB IB Equity,NTPC IB Equity,952.5,108.58,0.11399475065616797,1.0,0
170,2015-12-13,WPRO IB Equity,ICICIBC IB Equity,215.64,239.27,1.109580782786125,1.0,0
171,2015-12-20,NTPC IB Equity,RELIANCE IB Equity,110.63,431.13,3.8970442013920277,1.0,0
172,2015-12-20,SUNP IB Equity,TTAN IB Equity,768.6,353.45,0.45986208691126723,1.0,0
173,2015-12-27,IIB IB Equity,MM IB Equity,947.85,638.58,0.673714195284064,1.0,0
174,2015-12-27,ICICIBC IB Equity,WPRO IB Equity,234.73,208.52,1.0,1.109580782786125,-3.3602151734371635
175,2015-12-27,MSIL IB Equity,LT IB Equity,4639.6,859.93,1.0,4.99623374780302,-343.1887132517501
176,2015-12-27,NTPC IB Equity,IIB IB Equity,113.83,947.85,1.0,0.11399475065616797,-5.780075590551179
177,2015-12-27,RELIANCE IB Equity,NTPC IB Equity,447.74,113.83,1.0,3.8970442013920277,-4.139458555545515
178,2015-12-27,TTAN IB Equity,SUNP IB Equity,354.5,754.45,1.0,0.45986208691126723,-7.557048529794432
179,2015-12-27,MM IB Equity,IIB IB Equity,638.58,947.85,1.0,0.673714195284064,0.0
180,2016-01-24,HCLT IB Equity,TCS IB Equity,421.68,1141.22,2.7063650161259725,1.0,0
181,2016-01-24,INFO IB Equity,JSTL IB Equity,565.97,99.25,0.1753626517306571,1.0,0
182,2016-01-24,TCS IB Equity,HCLT IB Equity,1141.22,421.68,1.0,2.7063650161259725,0.0
183,2016-01-24,JSTL IB Equity,INFO IB Equity,99.25,565.97,1.0,0.1753626517306571,0.0
184,2016-02-14,LT IB Equity,JSTL IB Equity,753.5,104.93,0.13925680159256804,1.0,0
185,2016-02-21,JSTL IB Equity,LT IB Equity,104.05,766.1,1.0,0.13925680159256804,2.63463570006637
186,2016-02-28,TCS IB Equity,TTAN IB Equity,1157.1,338.1,0.29219600725952816,1.0,0
187,2016-03-20,TTAN IB Equity,TCS IB Equity,342.55,1176.0,1.0,0.29219600725952816,1.0725045372051198
188,2016-03-27,TTAN IB Equity,HCLT IB Equity,341.9,411.4,1.2032758116408306,1.0,0
189,2016-04-03,HCLT IB Equity,TTAN IB Equity,405.83,327.6,1.0,1.2032758116408306,-11.63684410646383
190,2016-05-15,APNT IB Equity,NEST IB Equity,906.15,5523.65,6.095734701760194,1.0,0
191,2016-05-15,NEST IB Equity,APNT IB Equity,5523.65,906.15,1.0,6.095734701760194,0.0
192,2016-06-05,TCS IB Equity,TTAN IB Equity,1317.68,363.15,0.2755980207637666,1.0,0
193,2016-06-12,TTAN IB Equity,TCS IB Equity,353.65,1305.68,1.0,0.2755980207637666,6.192823750834801
194,2016-06-19,HCLT IB Equity,HDFCB IB Equity,376.4,576.63,1.531960680127524,1.0,0
195,2016-06-26,RELIANCE IB Equity,IIB IB Equity,446.97,1102.7,2.4670559545383357,1.0,0
196,2016-07-03,MM IB Equity,KMB IB Equity,694.88,738.7,1.0630612479852637,1.0,0
197,2016-07-03,SUNP IB Equity,TCS IB Equity,773.9,1247.68,1.6121979583925574,1.0,0
198,2016-07-10,HDFCB IB Equity,HCLT IB Equity,585.75,373.15,1.0,1.531960680127524,-14.098872210414457
199,2016-07-10,IIB IB Equity,RELIANCE IB Equity,1105.65,445.21,1.0,2.4670559545383357,-7.292018479987634
200,2016-07-10,KMB IB Equity,MM IB Equity,744.65,732.78,1.0,1.0630612479852637,34.34002129864154
201,2016-07-10,TCS IB Equity,SUNP IB Equity,1247.4,771.9,1.0,1.6121979583925574,-2.944395916785142
202,2016-07-31,IIB IB Equity,KMB IB Equity,1156.75,764.95,0.6612924140912039,1.0,0
203,2016-08-07,KMB IB Equity,IIB IB Equity,754.05,1199.4,1.0,0.6612924140912039,39.10412146099
204,2016-08-21,AXSB IB Equity,TTMT IB Equity,590.75,515.25,0.8721963605586119,1.0,0
205,2016-09-04,TTMT IB Equity,AXSB IB Equity,524.7,588.8,1.0,0.8721963605586119,-11.150782903089379
206,2016-09-11,KMB IB Equity,RELIANCE IB Equity,812.9,457.03,0.5622216754828392,1.0,0
207,2016-09-11,MSIL IB Equity,JSTL IB Equity,5158.5,177.46,0.03440147329650092,1.0,0
208,2016-09-18,RELIANCE IB Equity,BAF IB Equity,472.26,1094.2,2.3169440562402066,1.0,0
209,2016-09-18,INFO IB Equity,SBIN IB Equity,527.0,252.7,0.4795066413662239,1.0,0
210,2016-10-02,RELIANCE IB Equity,KMB IB Equity,500.58,787.85,1.0,0.5622216754828392,-57.633652970845105
211,2016-10-02,JSTL IB Equity,MSIL IB Equity,175.84,5566.5,1.0,0.03440147329650092,15.655801104972381
212,2016-10-02,BAF IB Equity,RELIANCE IB Equity,1122.2,500.58,1.0,2.3169440562402066,37.61585567272263
213,2016-10-02,SBIN IB Equity,INFO IB Equity,251.65,517.85,1.0,0.4795066413662239,-3.3374857685009545
214,2016-10-23,NEST IB Equity,APNT IB Equity,6772.15,1182.9,0.17467126392652263,1.0,0
215,2016-10-30,APNT IB Equity,NEST IB Equity,1127.55,6847.5,1.0,0.17467126392652263,68.51147973686368
216,2016-11-13,ITC IB Equity,NEST IB Equity,256.7,6527.05,25.426762758083367,1.0,0
217,2016-11-27,NEST IB Equity,ITC IB Equity,5855.0,224.35,1.0,25.426762758083367,-150.50577522399658
218,2016-12-25,TTAN IB Equity,SUNP IB Equity,316.85,632.2,1.995265898690232,1.0,0
219,2016-12-25,SUNP IB Equity,TTAN IB Equity,632.2,316.85,1.0,1.995265898690232,0.0
220,2017-01-29,SBIN IB Equity,INFO IB Equity,254.1,475.88,1.872805981896891,1.0,0
221,2017-02-19,INFO IB Equity,SBIN IB Equity,491.75,271.4,1.0,1.872805981896891,16.52954348681618
222,2017-02-26,RELIANCE IB Equity,NTPC IB Equity,484.49,143.0,0.29515573076843693,1.0,0
223,2017-03-19,NTPC IB Equity,RELIANCE IB Equity,130.88,578.21,1.0,0.29515573076843693,39.78199508761792
224,2017-03-26,IIB IB Equity,BHARTI IB Equity,1379.65,314.94,0.2282752872105244,1.0,0
225,2017-04-16,TTAN IB Equity,HCLT IB Equity,485.25,416.4,0.858114374034003,1.0,0
226,2017-04-16,TTMT IB Equity,ICICIBC IB Equity,475.05,252.41,0.5313335438374908,1.0,0
227,2017-04-16,BHARTI IB Equity,IIB IB Equity,311.38,1425.9,1.0,0.2282752872105244,14.117732033486755
228,2017-04-16,HCLT IB Equity,TTAN IB Equity,416.4,485.25,1.0,0.858114374034003,0.0
229,2017-04-16,ICICIBC IB Equity,TTMT IB Equity,252.41,475.05,1.0,0.5313335438374908,0.0
230,2017-04-30,NTPC IB Equity,IIB IB Equity,138.5,1433.85,10.352707581227437,1.0,0
231,2017-04-30,HDFCB IB Equity,TTAN IB Equity,766.38,481.75,0.6286046086797672,1.0,0
232,2017-04-30,UTCEM IB Equity,HUVR IB Equity,4144.35,904.8,0.21832132903832926,1.0,0
233,2017-04-30,MSIL IB Equity,SBIN IB Equity,6316.55,285.55,0.045206639700469405,1.0,0
234,2017-05-07,MM IB Equity,RELIANCE IB Equity,667.28,629.38,0.9432022539263878,1.0,0
235,2017-05-14,BHARTI IB Equity,KMB IB Equity,316.57,905.3,2.8597150709163848,1.0,0
236,2017-05-14,SBIN IB Equity,JSTL IB Equity,298.65,191.3,0.640549137786707,1.0,0
237,2017-05-14,IIB IB Equity,NTPC IB Equity,1424.35,134.0,1.0,10.352707581227437,-37.08718411552346
238,2017-05-14,TTAN IB Equity,HDFCB IB Equity,483.7,767.53,1.0,0.6286046086797672,-1.2271047000182707
239,2017-05-14,HUVR IB Equity,UTCEM IB Equity,955.25,4410.75,1.0,0.21832132903832926,7.710802055810788
240,2017-05-14,SBIN IB Equity,MSIL IB Equity,298.65,6630.4,1.0,0.045206639700469405,1.0881038699923327
241,2017-05-14,RELIANCE IB Equity,MM IB Equity,596.51,666.58,1.0,0.9432022539263878,32.209758422251596
242,2017-05-14,KMB IB Equity,BHARTI IB Equity,905.3,316.57,1.0,2.8597150709163848,0.0
243,2017-05-14,JSTL IB Equity,SBIN IB Equity,191.3,298.65,1.0,0.640549137786707,0.0
244,2017-05-21,WPRO IB Equity,AXSB IB Equity,189.84,500.0,2.6337968815844923,1.0,0
245,2017-05-21,JSTL IB Equity,LT IB Equity,201.85,1158.87,5.741243497646767,1.0,0
246,2017-05-28,ITC IB Equity,UTCEM IB Equity,303.65,4271.2,14.066194631977606,1.0,0
247,2017-05-28,INFO IB Equity,SBIN IB Equity,479.88,294.4,0.6134867050095857,1.0,0
248,2017-06-11,AXSB IB Equity,WPRO IB Equity,513.05,208.35,1.0,2.6337968815844923,35.70158027812897
249,2017-06-11,LT IB Equity,JSTL IB Equity,1203.1,190.5,1.0,5.741243497646767,-109.39311369829079
250,2017-06-11,UTCEM IB Equity,ITC IB Equity,4188.7,317.5,1.0,14.066194631977606,277.31679565289016
251,2017-06-11,SBIN IB Equity,INFO IB Equity,287.35,480.1,1.0,0.6134867050095857,7.18496707510208
252,2017-06-18,BAF IB Equity,KMB IB Equity,1362.7,976.3,0.716445292434138,1.0,0
253,2017-06-25,NTPC IB Equity,BHARTI IB Equity,133.83,330.81,2.4718672943286255,1.0,0
254,2017-06-25,AXSB IB Equity,WPRO IB Equity,519.9,190.76,0.3669167147528371,1.0,0
255,2017-06-25,JSTL IB Equity,INFO IB Equity,199.2,464.73,2.3329819277108435,1.0,0
256,2017-07-02,RELIANCE IB Equity,IIB IB Equity,647.52,1490.95,2.302554361255251,1.0,0
257,2017-07-02,WPRO IB Equity,AXSB IB Equity,192.64,504.6,1.0,0.3669167147528371,-7.493825735718387
258,2017-07-09,BHARTI IB Equity,BAF IB Equity,344.15,1386.25,4.028040098794131,1.0,0
259,2017-07-09,SUNP IB Equity,HDFCB IB Equity,551.5,829.13,1.5034088848594742,1.0,0
260,2017-07-09,ITC IB Equity,HUVR IB Equity,342.3,1095.55,3.200555068653228,1.0,0
261,2017-07-09,AXSB IB Equity,ICICIBC IB Equity,517.75,289.95,0.5600193143408981,1.0,0
262,2017-07-09,INFO IB Equity,JSTL IB Equity,475.7,205.15,1.0,2.3329819277108435,2.9112424698795873
263,2017-07-09,KMB IB Equity,BAF IB Equity,948.55,1386.25,1.0,0.716445292434138,44.622286636823915
264,2017-07-09,BHARTI IB Equity,NTPC IB Equity,344.15,130.5,1.0,2.4718672943286255,-21.571318090114328
265,2017-07-09,IIB IB Equity,RELIANCE IB Equity,1486.1,624.56,1.0,2.302554361255251,-48.01664813442051
266,2017-07-09,BAF IB Equity,BHARTI IB Equity,1386.25,344.15,1.0,4.028040098794131,0.0
267,2017-07-09,HDFCB IB Equity,SUNP IB Equity,829.13,551.5,1.0,1.5034088848594742,0.0
268,2017-07-09,HUVR IB Equity,ITC IB Equity,1095.55,342.3,1.0,3.200555068653228,0.0
269,2017-07-09,ICICIBC IB Equity,AXSB IB Equity,289.95,517.75,1.0,0.5600193143408981,0.0
270,2017-07-23,HCLT IB Equity,TTAN IB Equity,433.43,532.5,1.228572087765037,1.0,0
271,2017-07-23,UTCEM IB Equity,ITC IB Equity,4347.4,325.75,0.07492984312462622,1.0,0
272,2017-08-06,TTAN IB Equity,HCLT IB Equity,543.2,444.4,1.0,1.228572087765037,2.7774358027823745
273,2017-08-06,ITC IB Equity,UTCEM IB Equity,285.15,4059.95,1.0,0.07492984312462622,19.06141659382623
274,2017-08-13,TTAN IB Equity,SUNP IB Equity,613.65,505.95,0.8244927890491323,1.0,0
275,2017-08-13,MSIL IB Equity,LT IB Equity,7839.45,1178.9,0.1503804476079317,1.0,0
276,2017-08-20,LT IB Equity,MSIL IB Equity,1146.6,7617.25,1.0,0.1503804476079317,-1.1145354584822158
277,2017-09-03,SUNP IB Equity,TTAN IB Equity,492.75,612.5,1.0,0.8244927890491323,12.251833292593505
278,2017-09-10,SUNP IB Equity,TTAN IB Equity,500.55,613.1,1.224852662071721,1.0,0
279,2017-09-17,TTAN IB Equity,SUNP IB Equity,632.9,468.65,1.0,1.224852662071721,-58.8727999200879
280,2017-09-24,TTMT IB Equity,WPRO IB Equity,405.35,216.45,0.5339829776736154,1.0,0
281,2017-10-01,TCS IB Equity,HDFCB IB Equity,1254.1,899.48,0.7172314807431625,1.0,0
282,2017-10-01,WPRO IB Equity,TTMT IB Equity,218.7,408.2,1.0,0.5339829776736154,-0.7281485136302144
283,2017-10-01,HDFCB IB Equity,TCS IB Equity,899.48,1254.1,1.0,0.7172314807431625,0.0
284,2017-10-29,UTCEM IB Equity,NEST IB Equity,4209.05,7245.2,1.7213385443271045,1.0,0
285,2017-10-29,NEST IB Equity,UTCEM IB Equity,7245.2,4209.05,1.0,1.7213385443271045,0.0
286,2017-11-12,MSIL IB Equity,TATA IB Equity,8301.55,66.49,0.008009347651944516,1.0,0
287,2017-11-19,TATA IB Equity,MSIL IB Equity,64.81,8107.85,1.0,0.008009347651944516,0.12858935981834874
288,2017-12-03,RELIANCE IB Equity,BHARTI IB Equity,857.98,448.96,0.5232756008298561,1.0,0
289,2017-12-17,BHARTI IB Equity,RELIANCE IB Equity,479.92,826.57,1.0,0.5232756008298561,-47.3960866220658
290,2017-12-31,BAF IB Equity,BHARTI IB Equity,1781.65,476.86,0.2676507731597115,1.0,0
291,2018-01-07,BHARTI IB Equity,BAF IB Equity,476.0,1726.2,1.0,0.2676507731597115,-13.981235371706
292,2018-01-07,SUNP IB Equity,TTAN IB Equity,573.6,853.6,1.488145048814505,1.0,0
293,2018-01-07,APNT IB Equity,NEST IB Equity,1146.5,7851.2,6.8479720889664195,1.0,0
294,2018-01-21,ICICIBC IB Equity,AXSB IB Equity,329.45,560.7,1.7019274548489909,1.0,0
295,2018-01-21,TTAN IB Equity,SUNP IB Equity,919.25,576.4,1.0,1.488145048814505,-61.48319386331943
296,2018-01-21,NEST IB Equity,APNT IB Equity,7747.2,1201.7,1.0,6.8479720889664195,482.0080593109467
297,2018-01-21,AXSB IB Equity,ICICIBC IB Equity,560.7,329.45,1.0,1.7019274548489909,0.0
298,2018-01-28,RELIANCE IB Equity,BAF IB Equity,876.48,1705.2,1.9455093099671412,1.0,0
299,2018-02-04,HUVR IB Equity,UTCEM IB Equity,1397.25,4387.4,3.140025049203793,1.0,0
300,2018-02-11,BAF IB Equity,RELIANCE IB Equity,1604.25,816.24,1.0,1.9455093099671412,-16.247480832420564
301,2018-02-11,UTCEM IB Equity,HUVR IB Equity,4138.1,1358.35,1.0,3.140025049203793,127.15302558597143
302,2018-02-18,SUNP IB Equity,HDFCB IB Equity,589.35,938.28,1.592059048103843,1.0,0
303,2018-02-18,HDFCB IB Equity,SUNP IB Equity,938.28,589.35,1.0,1.592059048103843,0.0
304,2018-05-06,INFO IB Equity,MSIL IB Equity,599.7,8822.8,14.712022678005667,1.0,0
305,2018-05-13,MSIL IB Equity,INFO IB Equity,8742.4,591.67,1.0,14.712022678005667,-37.737542104387146
306,2018-05-27,BAF IB Equity,MM IB Equity,2105.05,826.7,0.3927222631291418,1.0,0
307,2018-06-10,JSTL IB Equity,TATA IB Equity,331.5,56.7,0.17104072398190046,1.0,0
308,2018-06-10,MM IB Equity,BAF IB Equity,914.6,2058.85,1.0,0.3927222631291418,-106.04376855656643
309,2018-06-10,TATA IB Equity,JSTL IB Equity,56.7,331.5,1.0,0.17104072398190046,0.0
310,2018-06-24,WPRO IB Equity,AXSB IB Equity,199.2,522.05,2.6207329317269075,1.0,0
311,2018-07-01,IIB IB Equity,MM IB Equity,1967.1,903.95,0.45953433989121045,1.0,0
312,2018-07-01,AXSB IB Equity,WPRO IB Equity,515.15,193.09,1.0,2.6207329317269075,-9.112678212851389
313,2018-07-08,MM IB Equity,IIB IB Equity,887.25,1945.55,1.0,0.45953433989121045,6.797034975344481
314,2018-07-08,WPRO IB Equity,ICICIBC IB Equity,195.71,277.45,1.4176587808492156,1.0,0
315,2018-07-08,ICICIBC IB Equity,WPRO IB Equity,277.45,195.71,1.0,1.4176587808492156,0.0
316,2018-07-29,NTPC IB Equity,KMB IB Equity,131.79,1336.2,10.138857272934214,1.0,0
317,2018-07-29,NEST IB Equity,HUVR IB Equity,10415.7,1686.6,0.16192862697658342,1.0,0
318,2018-08-05,HUVR IB Equity,NEST IB Equity,1689.0,10127.35,1.0,0.16192862697658342,-49.092119588697976
319,2018-08-05,KMB IB Equity,NTPC IB Equity,1304.65,129.88,1.0,10.138857272934214,12.184782608695642
320,2018-08-19,NEST IB Equity,APNT IB Equity,10836.0,1398.4,0.1290513104466593,1.0,0
321,2018-09-02,APNT IB Equity,NEST IB Equity,1399.6,11335.0,1.0,0.1290513104466593,63.19660391288318
322,2018-09-30,TCS IB Equity,SUNP IB Equity,2198.7,623.7,0.28366762177650434,1.0,0
323,2018-09-30,SUNP IB Equity,TCS IB Equity,623.7,2198.7,1.0,0.28366762177650434,0.0
324,2018-11-04,TTAN IB Equity,HDFCB IB Equity,827.85,962.0,1.1620462644198828,1.0,0
325,2018-11-25,HDFCB IB Equity,TTAN IB Equity,1007.0,920.7,1.0,1.1620462644198828,62.895995651386144
326,2018-12-16,INFO IB Equity,SBIN IB Equity,667.8,273.4,0.40940401317759806,1.0,0
327,2018-12-23,SBIN IB Equity,INFO IB Equity,288.65,693.55,1.0,0.40940401317759806,-4.70784666067685
328,2018-12-30,NTPC IB Equity,RELIANCE IB Equity,122.38,983.74,8.038404968132047,1.0,0
329,2019-01-06,RELIANCE IB Equity,NTPC IB Equity,1011.72,123.88,1.0,8.038404968132047,-15.922392547801948
330,2019-01-27,JSTL IB Equity,MSIL IB Equity,284.75,7200.95,25.28867427568042,1.0,0
331,2019-02-03,TCS IB Equity,HDFCB IB Equity,1951.95,1041.78,0.533712441404749,1.0,0
332,2019-02-03,WPRO IB Equity,ICICIBC IB Equity,266.36,343.45,1.2894203333833907,1.0,0
333,2019-02-17,MSIL IB Equity,JSTL IB Equity,7185.05,261.15,1.0,25.28867427568042,-580.9127129060589
334,2019-02-17,HDFCB IB Equity,TCS IB Equity,1068.68,2065.55,1.0,0.533712441404749,33.729733343579476
335,2019-02-17,ICICIBC IB Equity,WPRO IB Equity,349.3,279.38,1.0,1.2894203333833907,10.938252740651702
336,2019-02-24,JSTL IB Equity,MSIL IB Equity,262.0,6844.4,26.123664122137402,1.0,0
337,2019-03-03,NTPC IB Equity,KMB IB Equity,117.04,1241.25,10.60534859876965,1.0,0
338,2019-03-03,MSIL IB Equity,JSTL IB Equity,6921.45,288.1,1.0,26.123664122137402,604.7776335877866
339,2019-03-10,MM IB Equity,RELIANCE IB Equity,649.35,1107.06,1.7048741048741047,1.0,0
340,2019-03-10,LT IB Equity,INFO IB Equity,1308.65,741.15,0.5663469988155733,1.0,0
341,2019-03-17,RELIANCE IB Equity,MM IB Equity,1174.12,680.8,1.0,1.7048741048741047,-13.441709401709467
342,2019-03-17,TTAN IB Equity,HCLT IB Equity,1067.95,502.35,0.47038719041153615,1.0,0
343,2019-03-17,ICICIBC IB Equity,WPRO IB Equity,375.9,259.65,0.6907422186751796,1.0,0
344,2019-03-17,KMB IB Equity,NTPC IB Equity,1248.85,126.67,1.0,10.60534859876965,94.52950700615177
345,2019-03-17,INFO IB Equity,LT IB Equity,711.65,1347.65,1.0,0.5663469988155733,51.587532953807354
346,2019-03-17,HCLT IB Equity,TTAN IB Equity,502.35,1067.95,1.0,0.47038719041153615,0.0
347,2019-03-17,WPRO IB Equity,ICICIBC IB Equity,259.65,375.9,1.0,0.6907422186751796,0.0
348,2019-04-21,HUVR IB Equity,APNT IB Equity,1721.75,1432.3,0.8318861623348337,1.0,0
349,2019-05-12,APNT IB Equity,HUVR IB Equity,1414.9,1672.35,1.0,0.8318861623348337,-23.695176419340996
350,2019-05-19,HUVR IB Equity,ITC IB Equity,1701.75,289.85,0.1703246657852211,1.0,0
351,2019-06-02,ICICIBC IB Equity,WPRO IB Equity,435.2,280.45,0.6444163602941176,1.0,0
352,2019-06-09,ITC IB Equity,HUVR IB Equity,278.55,1837.0,1.0,0.1703246657852211,34.336411047451165
353,2019-06-09,WPRO IB Equity,ICICIBC IB Equity,291.3,422.85,1.0,0.6444163602941176,-18.808542049632354
354,2019-06-30,ICICIBC IB Equity,WPRO IB Equity,429.6,283.9,0.6608472998137802,1.0,0
355,2019-07-07,JSTL IB Equity,INFO IB Equity,275.85,731.15,2.6505347108936013,1.0,0
356,2019-07-07,WPRO IB Equity,ICICIBC IB Equity,281.9,438.65,1.0,0.6608472998137802,7.980668063314681
357,2019-07-07,INFO IB Equity,JSTL IB Equity,731.15,275.85,1.0,2.6505347108936013,0.0
358,2019-07-21,IIB IB Equity,MM IB Equity,1474.4,631.65,0.4284115572436245,1.0,0
359,2019-07-28,MM IB Equity,IIB IB Equity,564.8,1417.2,1.0,0.4284115572436245,42.34485892566468
360,2019-09-08,IIB IB Equity,BHARTI IB Equity,1394.45,340.65,0.24428986338699843,1.0,0
361,2019-09-15,MM IB Equity,IIB IB Equity,532.85,1333.95,2.5034249788871166,1.0,0
362,2019-09-15,HDFCB IB Equity,TCS IB Equity,1124.1,2183.3,1.942264923049551,1.0,0
363,2019-09-22,IIB IB Equity,MM IB Equity,1375.5,537.05,1.0,2.5034249788871166,-31.035615088674234
364,2019-09-22,AXSB IB Equity,WPRO IB Equity,671.2,246.9,0.3678486293206198,1.0,0
365,2019-09-29,KMB IB Equity,NTPC IB Equity,1643.0,115.8,0.07048082775410834,1.0,0
366,2019-09-29,SBIN IB Equity,INFO IB Equity,313.6,765.1,2.439732142857143,1.0,0
367,2019-09-29,BHARTI IB Equity,IIB IB Equity,341.39,1510.05,1.0,0.24428986338699843,27.499908207536986
368,2019-09-29,TCS IB Equity,HDFCB IB Equity,2014.75,1258.45,1.0,1.942264923049551,429.4932924117076
369,2019-09-29,WPRO IB Equity,AXSB IB Equity,240.0,727.05,1.0,0.3678486293206198,27.444345947556588
370,2019-09-29,NTPC IB Equity,KMB IB Equity,115.8,1643.0,1.0,0.07048082775410834,0.0
371,2019-09-29,INFO IB Equity,SBIN IB Equity,765.1,313.6,1.0,2.439732142857143,0.0
372,2019-11-24,BHARTI IB Equity,BAF IB Equity,401.61,4152.6,10.339881975050423,1.0,0
373,2019-11-24,BAF IB Equity,BHARTI IB Equity,4152.6,401.61,1.0,10.339881975050423,0.0
374,2019-12-08,UTCEM IB Equity,ITC IB Equity,4277.05,244.95,0.05727078243181632,1.0,0
375,2019-12-22,TCS IB Equity,SUNP IB Equity,2127.55,435.0,0.20446052971728043,1.0,0
376,2019-12-22,ITC IB Equity,UTCEM IB Equity,236.9,4057.0,1.0,0.05727078243181632,-4.552435674121208
377,2019-12-22,SUNP IB Equity,TCS IB Equity,435.0,2127.55,1.0,0.20446052971728043,0.0
378,2019-12-29,BHARTI IB Equity,RELIANCE IB Equity,446.27,1417.78,3.1769556546485314,1.0,0
379,2019-12-29,WPRO IB Equity,AXSB IB Equity,253.85,743.55,2.929091983454796,1.0,0
380,2020-01-05,HCLT IB Equity,HDFCB IB Equity,570.05,1280.85,2.246908165950355,1.0,0
381,2020-01-05,AXSB IB Equity,WPRO IB Equity,754.2,249.05,1.0,2.929091983454796,-24.709641520583062
382,2020-01-12,RELIANCE IB Equity,BHARTI IB Equity,1355.06,441.22,1.0,3.1769556546485314,46.67637394402509
383,2020-01-12,UTCEM IB Equity,APNT IB Equity,4152.85,1707.5,0.4111634178937356,1.0,0
384,2020-01-12,LT IB Equity,SBIN IB Equity,1316.3,318.95,0.2423079845020132,1.0,0
385,2020-01-19,HDFCB IB Equity,HCLT IB Equity,1287.25,586.4,1.0,2.246908165950355,30.33694851328827
386,2020-01-19,APNT IB Equity,UTCEM IB Equity,1805.25,4468.05,1.0,0.4111634178937356,31.8487093201054
387,2020-01-19,SBIN IB Equity,LT IB Equity,330.6,1334.35,1.0,0.2423079845020132,-7.276340879738707
388,2020-01-26,BHARTI IB Equity,IIB IB Equity,499.87,1332.05,2.664792846139996,1.0,0
389,2020-02-09,APNT IB Equity,ITC IB Equity,1867.4,207.7,0.11122416193638213,1.0,0
390,2020-02-16,IIB IB Equity,BHARTI IB Equity,1275.45,528.58,1.0,2.664792846139996,133.10620261267928
391,2020-02-16,ITC IB Equity,APNT IB Equity,210.7,1870.35,1.0,0.11122416193638213,-2.671888722287693
392,2020-03-01,SBIN IB Equity,JSTL IB Equity,322.9,258.8,0.8014865283369466,1.0,0
393,2020-03-15,JSTL IB Equity,SBIN IB Equity,229.0,253.7,1.0,0.8014865283369466,-25.662867760916683
394,2020-08-09,SUNP IB Equity,HDFCB IB Equity,519.8,1001.95,1.927568295498269,1.0,0
395,2020-08-23,NTPC IB Equity,RELIANCE IB Equity,95.4,1905.37,19.97243186582809,1.0,0
396,2020-08-30,HDFCB IB Equity,SUNP IB Equity,1116.8,533.35,1.0,1.927568295498269,-88.73144959599824
397,2020-08-30,RELIANCE IB Equity,NTPC IB Equity,1909.56,105.45,1.0,19.97243186582809,196.53294025157217
398,2020-09-20,RELIANCE IB Equity,NTPC IB Equity,2097.5,90.9,0.043337306317044105,1.0,0
399,2020-09-20,HCLT IB Equity,HDFCB IB Equity,794.9,1057.9,1.3308592275757958,1.0,0
400,2020-09-20,WPRO IB Equity,AXSB IB Equity,307.15,440.1,1.4328503988279344,1.0,0
401,2020-09-27,NTPC IB Equity,RELIANCE IB Equity,88.3,2054.5,1.0,0.043337306317044105,0.7364958283671119
402,2020-09-27,HDFCB IB Equity,HCLT IB Equity,1048.7,802.3,1.0,1.3308592275757958,19.048358284060903
403,2020-09-27,AXSB IB Equity,WPRO IB Equity,423.25,311.95,1.0,1.4328503988279344,23.727681914374124
404,2020-11-08,APNT IB Equity,HUVR IB Equity,2172.05,2073.8,0.9547662346631063,1.0,0
405,2020-11-15,HUVR IB Equity,APNT IB Equity,2132.9,2224.95,1.0,0.9547662346631063,-8.592866186321935
406,2021-01-10,MM IB Equity,KMB IB Equity,748.9,1965.85,2.6249833088529844,1.0,0
407,2021-01-17,KMB IB Equity,MM IB Equity,1938.85,788.75,1.0,2.6249833088529844,131.60558485779148
408,2021-01-24,ITC IB Equity,APNT IB Equity,219.55,2589.05,11.792530175358689,1.0,0
409,2021-02-07,SBIN IB Equity,INFO IB Equity,311.1,1261.45,4.054805528768885,1.0,0
410,2021-02-14,SUNP IB Equity,TCS IB Equity,634.65,3215.15,5.066020641298354,1.0,0
411,2021-02-14,APNT IB Equity,ITC IB Equity,2417.6,233.1,1.0,11.792530175358689,331.2387838761103
412,2021-02-14,INFO IB Equity,SBIN IB Equity,1304.35,396.85,1.0,4.054805528768885,304.799574091932
413,2021-02-14,TCS IB Equity,SUNP IB Equity,3215.15,634.65,1.0,5.066020641298354,0.0
414,2021-02-28,NTPC IB Equity,BAF IB Equity,102.0,5379.6,52.741176470588236,1.0,0
415,2021-03-14,BAF IB Equity,NTPC IB Equity,5323.4,110.55,1.0,52.741176470588236,507.13705882352997
416,2021-03-21,INFO IB Equity,TATA IB Equity,1373.1,73.6,0.05360134003350084,1.0,0
417,2021-04-04,APNT IB Equity,UTCEM IB Equity,2504.55,6735.9,2.68946517338444,1.0,0
418,2021-04-04,TATA IB Equity,INFO IB Equity,76.66,1336.3,1.0,0.05360134003350084,-5.03252931323283
419,2021-04-11,UTCEM IB Equity,APNT IB Equity,6794.35,2510.5,1.0,2.68946517338444,-42.447682218363795
420,2021-04-25,SUNP IB Equity,HCLT IB Equity,640.3,996.85,1.556848352334843,1.0,0
421,2021-05-09,HCLT IB Equity,SUNP IB Equity,907.4,658.8,1.0,1.556848352334843,118.25169451819464
422,2021-05-23,NEST IB Equity,HUVR IB Equity,17037.0,2376.0,0.13946117274167988,1.0,0
423,2021-05-30,MM IB Equity,BHARTI IB Equity,810.2,517.04,0.638163416440385,1.0,0
424,2021-06-06,HUVR IB Equity,NEST IB Equity,2341.35,17692.7,1.0,0.13946117274167988,126.09469096671968
425,2021-06-06,BHARTI IB Equity,MM IB Equity,525.09,807.9,1.0,0.638163416440385,-9.517775857812998
426,2021-07-25,BHARTI IB Equity,BAF IB Equity,528.38,6012.75,11.379594231424354,1.0,0
427,2021-07-25,ITC IB Equity,HUVR IB Equity,207.8,2410.45,11.599855630413858,1.0,0
428,2021-07-25,LT IB Equity,MSIL IB Equity,1609.1,7165.95,4.453390093841278,1.0,0
429,2021-08-01,KMB IB Equity,NTPC IB Equity,1740.4,119.4,0.06860491840956102,1.0,0
430,2021-08-01,BAF IB Equity,BHARTI IB Equity,6162.15,533.88,1.0,11.379594231424354,-86.81223172716568
431,2021-08-01,HUVR IB Equity,ITC IB Equity,2348.75,211.1,1.0,11.599855630413858,99.97952358036535
432,2021-08-01,MSIL IB Equity,LT IB Equity,7235.6,1597.85,1.0,4.453390093841278,-119.75063855571491
433,2021-08-01,NTPC IB Equity,KMB IB Equity,119.4,1740.4,1.0,0.06860491840956102,0.0
434,2021-08-29,HUVR IB Equity,ITC IB Equity,2634.15,206.35,0.07833646527342786,1.0,0
435,2021-08-29,ITC IB Equity,HUVR IB Equity,206.35,2634.15,1.0,0.07833646527342786,0.0
436,2021-09-12,LT IB Equity,INFO IB Equity,1694.9,1730.0,1.0207091863826774,1.0,0
437,2021-09-19,TTMT IB Equity,ICICIBC IB Equity,301.1,707.3,2.349053470607771,1.0,0
438,2021-09-26,INFO IB Equity,LT IB Equity,1687.85,1703.75,1.0,1.0207091863826774,51.18327629948669
439,2021-09-26,ICICIBC IB Equity,TTMT IB Equity,710.05,299.05,1.0,2.349053470607771,-7.565559614745958
440,2021-10-10,SUNP IB Equity,TCS IB Equity,831.7,3771.1,4.5342070458097865,1.0,0
441,2021-10-24,TCS IB Equity,SUNP IB Equity,3647.4,835.2,1.0,4.5342070458097865,139.56972466033406
442,2021-11-21,MM IB Equity,KMB IB Equity,928.35,2095.0,2.256691980395325,1.0,0
443,2021-11-21,INFO IB Equity,JSTL IB Equity,1785.55,661.5,0.3704740836156927,1.0,0
444,2021-11-21,KMB IB Equity,MM IB Equity,2095.0,928.35,1.0,2.256691980395325,0.0
445,2021-11-21,JSTL IB Equity,INFO IB Equity,661.5,1785.55,1.0,0.3704740836156927,0.0
446,2021-12-26,INFO IB Equity,JSTL IB Equity,1798.7,643.65,0.3578417746149997,1.0,0
447,2022-01-02,JSTL IB Equity,INFO IB Equity,652.25,1866.25,1.0,0.3578417746149997,15.572211875243191
448,2022-01-23,TTMT IB Equity,WPRO IB Equity,525.0,646.2,1.2308571428571429,1.0,0
449,2022-01-30,WPRO IB Equity,TTMT IB Equity,572.85,478.55,1.0,1.2308571428571429,16.176685714285753
450,2022-02-06,BHARTI IB Equity,RELIANCE IB Equity,729.4,2174.03,2.9805730737592544,1.0,0
451,2022-02-13,RELIANCE IB Equity,BHARTI IB Equity,2111.44,706.5,1.0,2.9805730737592544,-5.665123389086716
452,2022-02-27,HDFCB IB Equity,SUNP IB Equity,1521.75,842.95,0.5539346147527517,1.0,0
453,2022-02-27,HUVR IB Equity,ITC IB Equity,2293.6,218.1,0.09509068712940356,1.0,0
454,2022-03-06,TTAN IB Equity,HDFCB IB Equity,2544.65,1426.7,0.560666496374747,1.0,0
455,2022-03-06,ITC IB Equity,HUVR IB Equity,215.75,2169.35,1.0,0.09509068712940356,-9.465017875828398
456,2022-03-13,HDFCB IB Equity,TTAN IB Equity,1323.7,2389.75,1.0,0.560666496374747,16.15275971155164
457,2022-03-13,WPRO IB Equity,AXSB IB Equity,571.5,667.25,1.167541557305337,1.0,0
458,2022-03-13,SUNP IB Equity,HDFCB IB Equity,822.7,1323.7,1.0,0.5539346147527517,-89.45675045178245
459,2022-03-13,AXSB IB Equity,WPRO IB Equity,667.25,571.5,1.0,1.167541557305337,0.0
460,2022-04-03,NTPC IB Equity,KMB IB Equity,134.8,1725.0,12.796735905044509,1.0,0
461,2022-04-03,UTCEM IB Equity,NEST IB Equity,6355.9,16863.45,2.653196242860964,1.0,0
462,2022-04-10,KMB IB Equity,NTPC IB Equity,1835.65,144.25,1.0,12.796735905044509,10.279154302670364
463,2022-04-10,NEST IB Equity,UTCEM IB Equity,17782.2,6740.85,1.0,2.653196242860964,102.59789368933002
464,2022-05-01,MSIL IB Equity,SBIN IB Equity,7910.75,494.7,0.06253515785481781,1.0,0
465,2022-05-08,KMB IB Equity,BHARTI IB Equity,1773.7,741.45,0.4180244686249084,1.0,0
466,2022-05-08,SBIN IB Equity,MSIL IB Equity,490.75,7641.55,1.0,0.06253515785481781,-12.884464494516955
467,2022-05-08,BHARTI IB Equity,KMB IB Equity,741.45,1773.7,1.0,0.4180244686249084,0.0
468,2022-06-05,NEST IB Equity,APNT IB Equity,17700.25,2844.7,0.16071524413496985,1.0,0
469,2022-06-05,APNT IB Equity,NEST IB Equity,2844.7,17700.25,1.0,0.16071524413496985,0.0
470,2022-07-17,IIB IB Equity,BHARTI IB Equity,858.15,660.3,0.7694459010662471,1.0,0
471,2022-07-17,SUNP IB Equity,TCS IB Equity,856.8,3113.25,3.633578431372549,1.0,0
472,2022-07-31,BHARTI IB Equity,IIB IB Equity,678.15,961.55,1.0,0.7694459010662471,61.71070617024991
473,2022-07-31,TCS IB Equity,SUNP IB Equity,3167.3,868.05,1.0,3.633578431372549,-13.172242647059
474,2022-09-11,ITC IB Equity,NEST IB Equity,328.75,19263.8,58.597110266159696,1.0,0
475,2022-09-25,MSIL IB Equity,LT IB Equity,9283.35,1910.2,0.2057662374035235,1.0,0
476,2022-09-25,NEST IB Equity,ITC IB Equity,18765.35,335.65,1.0,58.597110266159696,902.7700608365012
477,2022-09-25,LT IB Equity,MSIL IB Equity,1910.2,9283.35,1.0,0.2057662374035235,0.0
478,2022-10-02,SUNP IB Equity,HDFCB IB Equity,897.4,1425.2,1.5881435257410297,1.0,0
479,2022-10-09,HCLT IB Equity,TTAN IB Equity,930.65,2575.75,2.7676892494493095,1.0,0
480,2022-10-23,AXSB IB Equity,WPRO IB Equity,814.35,375.05,0.4605513599803524,1.0,0
481,2022-10-23,HDFCB IB Equity,SUNP IB Equity,1446.35,979.9,1.0,1.5881435257410297,109.87184087363508
482,2022-10-23,TTAN IB Equity,HCLT IB Equity,2625.2,994.75,1.0,2.7676892494493095,127.95888088970099
483,2022-10-23,WPRO IB Equity,AXSB IB Equity,375.05,814.35,1.0,0.4605513599803524,0.0
484,2022-11-06,WPRO IB Equity,ICICIBC IB Equity,386.4,908.55,2.3513198757763973,1.0,0
485,2022-11-20,ICICIBC IB Equity,WPRO IB Equity,894.9,396.55,1.0,2.3513198757763973,37.51589673913049
486,2022-12-18,IIB IB Equity,KMB IB Equity,1205.75,1865.9,1.547501555048725,1.0,0
487,2022-12-18,KMB IB Equity,IIB IB Equity,1865.9,1205.75,1.0,1.547501555048725,0.0
